line,word
1,recent
1,user
1,update
1,difficult
1,navigate
1,font
1,makes
1,challenging
1,read
1,eyes
1,glasses
1,easy
1,navigate
1,app
1,confusing
1,counting
1,days
1,app
1,consecutive
1,days
1,app
1,incongruent
1,app
1,actual
1,days
1,meditated
1,bugs
1,mentioned
2,app
2,everyday
3,app
4,negative
4,experience
4,ago
4,bought
4,class
4,classes
5,easy
5,free
5,version
6,spent
6,time
6,meditating
6,app
6,reason
6,extremely
6,valuable
7,meditation
7,absolutely
8,explained
9,meditation
9,encouraging
9,love
10,app
10,revolutionized
10,meditation
10,practice
10,amazing
10,guided
10,meditations
10,meditation
10,teachers
10,organized
10,polyglot
10,growing
10,short
10,courses
10,helpful
10,expands
10,dharma
10,shangha
10,follow
10,path
10,buddha.nameste
11,meditations
11,relax
11,deeper
11,difference
11,sound
11,voice
11,guidance
11,provided
11,clarity
11,thereof
11,minutes
11,meditation
11,grounded
11,deeply
11,relaxed
11,grateful
11,meditations
11,daily
11,connection
11,access
12,affirmation
12,remember
12,repeat
13,lovely
13,voice
13,message
13,talking
13,time
13,quiet
14,love
14,app
14,relaxation
14,restoration
14,spiritual
14,growth
15,found
15,advanced
15,meditators
15,pay
15,services
15,courses
15,imagine
15,timer
15,flexible
15,elegant
15,social
15,network
15,element
15,connect
15,real
15,spiritual
15,communities
15,world
15,instruction
15,coming
15,stuff
15,people
15,meditation
15,ease
15,practice
16,suffer
16,chronic
16,pain
16,app
16,helped
16,immensely
16,meditations
16,choose
16,free
16,meditation
16,timer
16,choose
16,person
16,deals
16,pain
16,anxiety
16,daily
16,basis
16,highly
16,recommend
17,timer
17,feature
17,activity
17,logs
17,accomplishment
17,feature
17,establishing
17,practice
17,easy
17,stars
17,fun
17,guided
17,meditations
17,huge
17,deepening
17,understanding
17,rounded
17,meditator
18,quick
18,guided
18,meditation
18,helped
18,focus
18,set
18,intentions
18,day
19,beautiful
19,morning
19,meditation
20,advised
20,app
20,offered
20,free
20,sessions
20,tense
20,times
20,destress
20,comfort
20,zone
20,stress
20,sessions
20,cut
20,abruptly
20,middle
20,relaxation
20,screens
20,pop
20,telling
20,buy
20,talk
20,doubling
20,stress
20,offer
20,free
20,draw
20,business
20,bait
20,switch
20,people
20,pay
20,worth
20,ticked
20,started
20,feel
20,bad
20,friend
20,pretty
20,disappointed
21,updates
21,bit
21,tough
21,deal
21,bookmarks
21,found
21,meditation
21,habit
21,habit
22,app
22,meditation
22,features
22,simple
22,allowed
22,set
22,timer
22,presets
22,bowl
22,sounds
22,nice
22,touch
22,app
22,real
22,companion
22,focus
22,app
22,subscribing
22,utterly
22,useless
22,features
22,guided
22,meditations
22,courses
22,adds
22,detract
22,tool
22,timer
22,presets
22,update
22,presets
22,delete
22,conscience
22,recommend
22,app
22,meditator
22,features
22,geared
22,casual
22,inexperienced
22,user
22,option
22,exists
22,stuff
22,star
22,app
22,negative
22,stars
22,desire
22,improve
22,app
22,rendered
22,unusable
22,meditator
22,foolish
23,friend
23,recommended
23,app
23,enjoying
24,write
24,reviews
24,write
24,love
24,app
24,purchases
24,wonderful
24,timer
24,searching
24,peaceful
24,timer
24,meditation
24,app
24,easy
24,purchasing
24,additional
24,guided
24,meditations
24,topics
24,future
24,purchases
24,required
24,app
24,love
25,timer
25,stats
25,lots
25,recordings
25,stats
25,accountable
25,consistent
25,practice
25,communities
25,messages
25,fun
26,days
26,straight
26,insight
26,timer
26,day
27,wonderful
27,app
27,learn
27,awesome
27,recommended
27,people
27,day
28,love
28,free
29,therapist
29,recommended
29,app
29,tragic
29,family
29,loss
29,sleep
29,continue
29,college
29,classes
29,plain
29,meditate
29,app
29,variety
29,makes
29,app
29,mention
29,friends
29,joining
29,world
29,update
29,happy
29,app
29,recommended
29,highly
29,recommended
29,app
29,disappointed
30,meditate
30,daily
30,insight
30,timer
30,days
30,day
30,love
30,chose
30,save
30,favorite
30,mediations
30,fit
30,mood
30,time
30,constraints
30,favorites
30,sleep
30,occasionally
30,struggling
31,meditation
31,app
31,community
31,call
31,spotify
31,meditation
31,apps
31,brings
31,global
31,library
31,teachers
31,meditators
31,learn
31,connect
31,love
31,company
31,ethos
31,integrity
31,building
31,product
31,support
31,community
32,comforting
32,sleepless
32,night
33,lovely
33,choices
33,grateful
33,app
34,support
34,meditation
34,practice
35,huge
35,amount
35,free
35,guided
35,meditations
35,love
35,community
35,feature
35,send
35,messages
35,nearby
35,meditators
35,added
35,free
35,bedtime
35,stories
35,recently
35,fantastic
35,idea
36,lessons
36,teachings
36,lineages
36,meditation
36,masters
36,addition
37,deeply
37,focusing
37,moment
37,inhale
37,exhale
37,time
37,stops
37,awareness
37,expands
38,dark
38,mode
38,appreciated
38,fixed
38,homescreen
38,icon
38,dark
38,mode
38,homescreen
38,icon
38,white
39,app
39,wide
39,variety
39,meditation
39,education
39,opportunities
39,enjoy
39,secular
39,selection
40,simple
40,pleasures
40,color
40,grounding
40,sounds
41,created
41,account
41,paid
41,app
41,operating
41,system
41,phone
41,login
41,start
41,response
41,customer
41,service
42,update
42,hideous
42,amounts
42,extraneous
42,cumbersome
42,info
42,homepage
42,eliminated
42,directly
42,stats
42,layer
42,layer
42,frustrating
42,social
42,adders
42,developers
42,vision
42,taking
42,ap
42,simple
42,straightforward
42,update
42,magically
42,appeared
42,profile
42,pic
42,apparently
42,accessed
42,account
42,ap
42,downloaded
42,alternative
43,love
43,guided
43,meditations
44,love
44,app
44,extremely
44,hard
44,read
44,white
44,writing
44,light
44,gray
44,background
44,choosing
44,meditation
44,settled
44,glasses
44,light
44,conducive
44,meditation
45,creators
45,contributors
45,insight
45,timer
45,continue
45,positive
45,difference
45,life
45,single
45,day
45,namaste
45,michelle
45,san
45,diego
45,ca
46,choices
46,guided
46,instrumental
46,simply
46,timed
46,meditations
46,wrong
46,move
46,guaranteed
46,feel
47,love
47,content
47,struggle
47,app
47,meditation
47,love
47,obvious
47,bookmark
47,invest
47,time
47,figuring
47,app
48,love
48,app
48,easy
48,search
48,meditations
48,talks
48,update
48,release
48,harder
48,practically
48,impossible
48,search
48,meditations
48,talks
48,mixed
48,search
48,bar
48,separate
48,updates
48,improving
48,app
49,meditation
49,routine
49,finally
50,super
50,disappointed
50,functionality
50,search
50,criteria
50,changed
50,enjoy
50,app
51,meditation
51,timer
51,absolutely
51,app
51,invented
51,shared
51,numerous
51,friends
51,positively
51,received
51,sleep
52,spiritual
52,anxiety
52,stress
52,app
52,helped
52,helps
52,sleep
52,insomnia
52,variety
52,free
52,aspect
52,app
53,app
53,amazing
53,gust
53,love
53,app
53,helps
53,relax
53,sleep
53,concentrate
53,stress
53,ball
54,beautiful
54,mediation
54,wonderful
54,begin
54,day
55,app.i
55,insight
55,timer
55,day
55,guided
55,meditations
55,numerous
55,listen
55,selected
55,favorites
55,calming
55,supportive
55,friends
55,recommended
55,app
55,mentions
55,desire
55,meditate
55,relax
55,sleep
55,simply
55,focus
56,love
56,insight
56,timer
56,app
56,day
56,thousands
56,meditations
56,choose
56,customized
56,timer
56,nice
56,personal
56,presets
57,insight
57,timer
57,daily
57,raved
57,helped
57,download
57,navigate
57,choose
57,developing
57,app
57,stressful
57,time
57,country
57,world
57,de
57,stress
57,appreciation
57,gratitude
57,namaste
58,love
58,helps
58,sleep
58,calms
58,nerves
58,helps
58,consecrate
59,overdue
59,review
59,insight
59,timer
59,daily
59,love
59,variety
59,guided
59,meditations
59,music
59,talks
59,amazingly
59,supportive
59,community
59,people
59,app
59,struggled
59,health
59,issues
59,app
59,continue
59,hard
59,time
59,committing
59,meditation
59,prior
59,app
59,forward
60,update
60,failure
61,free
61,version
61,app
61,grateful
61,access
61,wide
61,variety
61,awesome
61,quality
61,guided
61,meditations
61,track
61,progress
61,meet
61,fellow
61,minded
61,meditators
62,cleansing
62,meditation
62,feel
62,charge
62,anxiety
62,calmer
62,day
63,excellent
63,meditations
63,activities
63,immediately
63,helped
63,improve
63,quality
63,sleep
64,tons
64,guided
64,sessions
64,chose
64,love
64,timer
64,feature
64,enhance
64,track
64,meditation
64,practice
65,loved
65,app
65,daily
65,upgrade
65,data
65,disappeared
65,favorites
65,friends
65,stats
65,paid
65,version
65,written
65,developers
65,heard
65,disappointed
65,restore
65,data
65,app
65,experience
65,stars
65,raved
65,meditation
65,deal
65,negative
65,feelings
65,insight
65,folks
65,restore
65,data
65,serenity
66,app
66,changed
66,life
66,takes
66,minutes
66,day
66,search
66,meditation
66,moment
66,gratitude
66,letting
66,sadness
66,cultivating
66,joy
66,sleep
66,rise
66,day
66,filled
66,intention
66,gratitude
66,recommend
66,app
66,free
66,options
66,choose
66,ahead
66,upgraded
66,worth
66,favor
66,app
67,patients
67,maternity
67,relax
67,centered
67,assist
67,pain
67,management
67,helpful
68,biggest
68,fan
68,insight
68,timer
68,huge
68,complex
68,time
68,meditation
68,absolutely
68,lost
68,user
68,morning
68,timer
68,amid
68,bells
68,whistles
68,scouting
68,meditation
68,timer
68,purely
68,simply
68,meditation
68,timer
68,pristine
68,exists
68,timing
68,meditations
68,glancing
68,clock
69,bringing
69,tether
69,peace
69,hectic
69,stimulated
69,world
70,visual
70,format
70,titles
70,meditations
70,barely
70,visible
70,frustrating
70,night
70,relax
70,love
70,insight
70,timer
70,employing
70,cool
70,graphics
70,expense
70,legibility
70,improvement
71,checked
71,lot
71,meditation
71,apps
71,disappointed
71,due
71,app
71,sections
71,locked
71,pay
71,expensive
71,yearly
71,charge
71,true
71,insight
71,timer
71,options
71,timer
71,design
71,meditation
71,time
71,guided
71,meditations
71,daily
71,insight
71,meditations
71,free
71,paid
71,option
71,courses
71,impressed
71,yearly
71,charge
71,paid
71,option
71,considerably
71,apps
71,found
71,plan
71,stay
71,insight
71,timer
71,time
71,day
71,amazed
71,options
71,offered
72,dependable
72,constantly
72,evolving
72,beautiful
72,uncomplicated
72,integrated
72,journal
72,log
72,sessions
72,perfect
72,educational
72,generous
72,free
72,downloads
72,time
72,favorite
72,insight
72,timer
72,god
72,presently
72,living
72,texas
73,senior
73,citizens
73,staff
73,font
73,legibility
73,issues
73,option
73,larger
73,print
73,improve
73,app
73,user
73,friendly
73,update
73,fixed
73,easier
73,read
73,print
73,white
73,black
73,star
73,app
74,mindfulness
74,instructor
74,insight
74,time
74,wonderful
74,resource
74,students
74,process
74,building
74,daily
74,meditation
74,practice
74,teachers
74,namaste
74,deb
74,romberger
75,app
75,fool
75,meditation
75,timer
75,level
75,experience
75,thousands
75,meditations
75,variety
75,flavors
75,search
75,topic
75,sleep
75,relaxation
75,body
75,scan
75,music
75,nature
75,sounds
75,easy
75,bookmark
75,favorites
75,app
75,tracks
75,meditation
75,minutes
75,list
75,meditation
75,app
75,worldwide
75,community
75,meditators
75,namaste
76,amazing
76,start
76,morning
77,app
77,meditation
77,timer
77,helpful
77,resource
77,access
77,teachers
77,mindfulness
77,lots
77,customization
77,options
77,access
77,types
77,communities
77,support
77,progress
77,spent
77,establish
77,regular
77,practice
77,pretty
77,inconsistent
77,habit
77,insight
77,timer
77,day
77,app
77,participate
77,meditation
77,equivalent
77,putting
77,sneakers
77,stepping
77,front
77,door
77,heavy
77,lifting
77,exercise
79,beautifully
79,simple
79,body
79,scan
79,meditation
79,calm
79,soothing
79,voice
80,free
80,enjoyed
80,plunge
80,subscription
80,love
80,additional
80,features
80,access
80,content
80,love
80,create
80,playlists
80,organize
80,bookmarks
80,helping
80,serene
80,sleep
81,night
81,bedtime
82,content
82,education
82,depth
82,variety
82,highly
82,recommend
83,absolutely
83,love
83,insight
83,timer
83,started
83,free
83,version
83,upgraded
83,premium
83,lot
83,guided
83,mediations
83,awesome
83,meditation
83,teachers
83,draw
83,mediations
83,created
83,equally
83,resonate
83,lot
83,variety
83,love
83,courses
83,offered
83,pay
83,upgrade
83,premium
83,membership
83,access
83,worth
83,learned
83,app
83,love
83,features
83,offers
83,talks
83,music
83,timer
83,meditate
83,silence
83,learning
83,meditate
83,meditating
83,daily
83,changed
83,life
84,tool
84,facilitate
84,meditation
84,structure
84,practice
84,support
84,received
84,time
84,question
84,issue
84,superb
85,insight
85,timer
85,life
85,changer
85,start
86,simple
86,light
86,quick
86,minutes
87,game
87,changer
87,share
87,friends
88,insight
88,timer
88,night
88,life
88,changer
88,favorite
88,app
88,apple
88,watch
88,version
88,app
88,allowed
88,play
88,bookmarked
88,meditations
88,purchased
88,courses
89,love
89,insight
89,timer
89,customer
89,service
89,tech
89,folks
89,nice
89,helpful
90,downloaded
90,app
90,ago
90,timer
90,bell
90,flexibility
90,meditation
90,session
90,ring
90,bells
90,mark
90,transitions
90,practice
90,happy
90,recorded
90,bells
90,sound
90,peacefully
90,time
90,bow
90,move
90,life
90,preset
90,meditation
90,sessions
90,multiple
90,reminder
90,bells
90,save
90,chose
90,app
90,offers
90,continuously
90,foists
90,guided
90,meditations
90,background
90,music
90,ambient
90,soundscapes
90,notice
90,people
90,world
90,app
90,internet
90,social
90,media
90,meditation
90,space
90,bottom
90,line
90,app
90,reliably
90,function
90,internet
90,connection
90,times
90,app
90,refused
90,sign
90,account
90,timer
90,goodness
90,sake
90,cushion
90,password
90,timer
90,counted
90,person
90,meditating
90,app
90,crap
90,app
90,offers
90,assured
90,solitary
90,retreat
90,cell
90,phone
90,reception
90,wifi
90,miles
90,reliably
90,timer
90,app
90,failed
90,time
90,time
90,deleted
90,app
90,devices
90,app
90,rating
90,negative
90,stars
91,amazing
91,helps
91,sleep
91,night
91,wrong
91,accept
91,kids
91,sleeping
91,music
91,section
91,music
91,kids
92,love
92,diversity
92,styles
92,instructors
92,lengths
92,practices
93,hard
93,time
93,relaxing
93,quieting
93,mind
93,app
93,mindful
93,listen
93,music
93,settle
93,sit
93,moment
93,app
93,love
94,meditation
94,app
94,assortment
94,variety
94,quantity
94,free
94,beneficial
94,donate
94,favorite
94,teacher
94,free
94,free
94,talks
94,meditative
94,music
94,impressed
95,pay
95,privilege
95,guess
95,night
95,mode
95,screens
95,set
95,free
95,service
95,constantly
95,soothing
95,black
95,background
95,jarring
95,white
95,background
95,pushing
95,paid
95,service
95,guided
95,sleep
95,meditations
95,pretty
95,preferred
95,simple
95,bowl
95,icon
95,background
95,white
95,background
95,makes
95,cheesy
96,bringing
96,total
96,meditator
96,count
96,greatly
96,enjoy
96,rise
96,nice
96,updated
96,increments
96,50k
97,wow
97,hits
97,home
97,easy
97,difficult
97,partly
97,talk
98,love
98,daily
98,meditations
98,music
98,added
98,morning
98,meditation
98,planning
99,months
99,transcendental
99,meditation
99,tm
99,minutes
99,day
99,love
99,feature
99,rich
99,app
99,easy
99,save
99,preset
99,meditation
99,sessions
99,specific
99,bells
99,intervals
99,easy
99,track
99,meditated
99,milestones
99,streaks
99,motivating
99,guided
99,meditations
99,premium
99,membership
99,timer
99,totally
99,free
99,ads
99,aggressive
99,attempts
99,sell
99,similar
99,apps
99,app
100,love
100,insight
100,timer
100,favorite
100,meditation
100,app
100,options
100,guided
100,meditation
100,true
100,bell
100,timer
100,app
100,levels
100,practitioners
101,leave
101,click
101,times
101,simply
101,play
101,bookmarked
101,meditation
101,playlists
101,coming
101,update
101,language
102,love
102,app
102,meditation
102,app
102,night
102,bed
102,sleep
102,listening
102,hundreds
102,thousands
102,meditation
102,choose
102,search
102,word
102,e.g
102,anxiety
102,sleep
102,fear
102,choose
102,guided
102,meditations
102,music
102,guided
102,music
102,free
102,version
102,meditations
102,choose
103,app
103,treasure
103,trove
103,meditations
103,talks
103,bedtime
103,stories
103,adults
103,kids
103,community
103,participate
103,inability
103,organize
103,bookmarked
103,content
103,stops
103,moving
103,free
103,version
103,deluxe
103,sort
103,frequency
103,feature
103,sort
103,title
103,helpful
103,meditations
103,begin
103,morning
103,instance
103,create
103,collections
103,tag
103,lot
103,scrolling
103,bookmarked
103,stuff
103,waiting
103,developers
103,address
103,pay
103,access
103,content
103,organize
104,yoga
104,nidra
104,jennifer
104,piercy
104,wonderful
104,meditation
104,bells
104,interim
104,bells
104,perfectly
104,pranayama
104,sets
105,screen
105,requiring
105,logon
105,choice
105,facebook
105,log
105,people
105,dumb
105,log
105,email
105,ummm
105,option
105,create
105,account
105,meditation
105,simpler
105,polluted
105,facebook
105,involvement
106,difficult
106,navigate
106,categories
106,meditations
106,generalized
106,buckets
106,harder
106,access
106,courses
106,favorites
106,bring
106,version
107,app
107,completely
107,head
107,heels
107,started
107,meditating
107,difficult
107,options
107,wrong
107,easier
107,easier
107,day
107,live
107,trust
107,easier
107,playing
107,mindless
107,game
107,minute
107,amazing
107,benefits
107,minute
107,commit
107,download
107,free
108,sleep
108,meditation
108,apps
108,phone
108,insight
108,version
108,worth
108,cost
108,instructors
108,top
108,notch
109,grateful
109,insight
109,timer
109,true
109,eye
109,soul
109,searching
109,heartwarming
109,app
109,grateful
109,teaching
109,grateful
110,guided
110,meditations
110,music
110,plain
110,silence
110,enter
110,yoga
110,sitting
110,meditation
110,lots
110,free
110,apps
111,amazing
111,app
111,amazingly
111,organized
111,recently
111,upgraded
111,premium
111,version
111,happier
111,investment
111,wellbeing
112,enjoy
112,track
112,day
112,day
112,change
112,reason
112,mote
113,struggling
113,major
113,anxiety
113,fur
113,meditations
113,day
113,feel
113,anxious
114,recent
114,update
114,makes
114,difficult
114,read
114,meditation
114,titles
114,white
114,text
114,similar
114,grey
114,background
115,version
115,app
115,user
115,friendly
115,disappointed
115,called
115,features
115,stopped
115,altogether
116,update
116,retain
116,list
116,recent
116,programs
116,essentially
116,lost
116,search
116,function
116,receive
116,messages
116,entire
116,feature
116,thumbnail
116,images
116,categories
116,stylized
116,script
116,labels
116,top
116,poor
116,choice
116,legibility
116,accessibility
116,app
116,generic
116,artistic
116,gesture
116,imposing
116,mood
116,popular
116,trend
116,promote
116,meditation
116,beautiful
116,peaceful
116,pleasant
116,uninformed
116,directing
116,users
116,version
116,hold
116,operating
116,principles
116,previous
116,insight
116,timers
117,love
117,insight
117,timer
117,enjoying
117,premium
117,question
117,emailed
117,day
117,love
117,daily
117,insight
117,courses
117,meditations
117,highly
117,recommend
117,app
118,suffer
118,insomnia
118,sleep
118,fallen
118,asleep
118,minutes
118,couch
118,woke
118,moved
118,bed
118,thinking
118,fall
118,asleep
118,nope
118,laid
118,awake
118,hours
118,angry
118,counting
118,minutes
118,decided
118,mediation
118,wake
118,baby
118,cried
118,grateful
119,change
119,app
119,font
119,background
119,color
119,white
119,font
119,gray
119,background
119,extremely
119,read
120,love
120,app
120,coping
120,mental
120,illness
120,app
120,helping
120,relaxation
120,suggestion
120,adding
120,guided
120,meditations
120,people
120,hypervigilance
120,common
120,symptom
120,ptsd
120,anxiety
120,difficult
120,manage
120,hypervigilance
120,overly
120,aware
120,surroundings
120,danger
120,guided
120,meditations
120,calm
120,mind
120,app
120,recommend
120,app
120,struggling
120,mental
120,health
120,reading
121,psychiatric
121,np
121,recommend
121,insight
121,timer
121,patients
121,variety
121,conditions
121,staff
121,daily
121,minute
121,mindfulness
121,break
121,lunch
121,hour
121,options
121,authors
121,breaks
121,options
121,based
121,time
121,topic
121,helpful
121,advanced
121,mindfulness
121,enthusiast
122,miss
122,stand
122,timer
123,insight
123,timer
123,everyday
123,children
123,love
123,namaste
124,insight
124,timer
124,premium
124,version
124,awesome
124,free
124,courses
124,highly
124,recommended
125,app
125,search
125,function
125,returns
125,search
125,results
125,searching
125,words
125,sleep
125,anxiety
125,teacher
125,lol
125,intuitive
125,downloads
125,addition
125,sleep
125,stories
125,calm
125,copy
125,cat
125,original
125,app
125,weird
125,workflow
125,learn
125,version
125,agree
125,reviewer
125,permanently
125,hide
125,suggested
125,courses
125,bought
125,annual
125,subscription
125,listen
125,offline
125,plans
125,purchase
125,courses
126,insight
126,timer
126,amazing
126,free
126,diverse
126,content
126,world
126,topic
126,imagine
126,launched
126,teachers
126,sarah
126,blondin
126,michelle
126,chalfant
126,tara
126,brach
126,literally
126,helped
126,path
126,deeper
126,relationships
126,compassion
126,knowledge
126,explore
126,life
126,awaits
127,hands
127,meditation
127,app
127,town
127,options
127,love
127,download
128,update
128,confusing
128,hard
128,navigate
128,removed
128,enjoyed
128,app
128,ability
128,track
128,stats
128,meditation
128,daily
128,weekly
128,monthly
128,stats
128,meditations
128,guided
128,timer
128,reason
128,enjoyed
128,app
128,past
128,stats
128,app
128,edit
128,found
128,stats
128,tracked
128,app
128,settings
128,pleased
128,continue
128,app
128,changed
128,rating
128,confusing
128,happy
128,added
128,ability
128,add
128,missed
128,sessions
128,improvements
129,helps
129,fall
129,asleep
130,enjoyed
130,guided
130,meditation
130,appreciated
130,lengths
130,quiet
130,time
130,keeper
131,fabulous
131,app
131,daughter
131,told
131,app
131,absolutely
131,love
131,shared
131,friends
131,doctors
131,doctors
131,sharing
131,patients
131,highly
131,recommend
131,matter
131,issues
131,simply
131,relax
131,app
131,option
131,love
131,app
131,absolutely
131,love
131,friends
131,doctors
131,app
131,locked
131,app
131,ipad
131,locked
131,sleep
131,mode
131,iphone
131,ipad
131,locked
131,originally
131,signed
131,facebook
131,matter
131,wii
131,remain
131,locked
131,account
131,loose
131,accomplished
131,app
131,iphone
131,ipad
131,app
131,happened
131,upset
131,gallagher
131,claudia
131,gallagher
132,app
132,free
132,meditations
132,world
132,wide
132,community
132,vibes
132,recommend
133,update
133,ugh
133,glaring
133,white
133,space
133,changed
133,icon
133,background
133,white
133,wrong
133,black
133,white
133,pure
133,aesthetic
133,regressive
133,unappreciated
133,users
133,access
133,night
133,mode
133,choose
133,icon
133,color
133,black
133,color
133,choice
133,apps
133,manage
133,stop
133,improve
133,helping
133,finally
133,people
133,purchase
133,subscription
133,opt
133,subscription
133,content
133,humane
133,design
133,meditation
133,app
135,health
135,issues
135,dealing
135,single
135,night
135,app
135,listen
135,peaceful
135,relaxing
135,music
135,helps
135,anxiety
135,idea
135,helps
136,app
136,helps
136,breathe
136,relax
136,anxious
136,forget
136,breathe
137,love
137,app
137,favorite
138,app
138,meditation
138,mindfulness
138,lifeline
138,expanded
138,capacity
138,meditate
138,practice
138,meditations
138,everyday
138,guides
138,stellar
139,insight
139,timer
139,favourite
139,meditation
139,app
139,discovered
139,half
139,ago
139,unpretentious
139,vibe
139,ability
139,search
139,sort
139,criteria
139,catalogue
139,meditations
139,app
139,helped
139,start
139,daily
139,meditation
139,practice
139,forward
139,meditating
139,insight
139,wonderful
139,instructors
139,night
139,app
139,update
139,makes
139,happy
139,built
139,original
139,design
139,app
139,introduced
139,clean
139,intuitive
139,layout
139,insight
139,timer
139,team
139,wonderful
139,tool
140,feel
140,connect
140,mind
140,body
140,forgets
140,bed
140,reminders
140,helps
140,mental
140,times
140,motivation
140,night
140,mode
140,premium
140,feature
140,accessibility
140,honestly
140,premium
140,feature
140,awful
140,tbh
140,review
140,improve
140,changed
141,simple
141,quick
141,straightforward
141,meditate
141,time
141,huge
141,mistake
141,updating
141,timer
141,anymore
141,splashy
141,stuff
141,basics
141,shopping
141,app
142,love
142,app
143,beautiful
143,meditation
143,soothing
143,voice
143,enjoyed
144,classic
144,developer
144,fixing
144,broken
144,interface
144,ugly
144,cartoonish
144,uninstalled
145,providing
145,choices
145,sleep
145,music
145,authentic
145,speakers
145,changed
145,life
145,found
145,material
145,insight
145,timer
145,easily
145,blessing
145,techie
145,sandra
146,difficulty
146,staying
146,asleep
146,night
146,listen
146,choices
146,mind
146,loom
146,morning
147,perfect
147,night
147,strawberry
147,moon
148,recently
148,paid
148,premium
148,subscription
148,strongly
148,meditating
148,insight
148,timer
148,makes
148,accessible
148,free
148,free
148,wonderful
149,meditation
149,plan
149,listen
149,days
150,lot
150,journey
151,anxiety
151,angry
151,depressed
151,easily
151,frequent
151,mood
151,swings
151,meditate
151,sleeping
151,meditation
151,courses
151,sleeping
151,peacefully
151,day
151,time
151,feeling
151,calm
151,hope
151,continues
151,day
151,everyday
152,app
152,variety
152,nice
152,lot
152,ppl
152,helpful
152,beginners
152,professionals
153,timer
153,bell
153,tones
153,beautiful
153,real
153,bowls
153,lots
153,options
153,statistics
153,section
153,provide
153,gentile
153,incentive
153,sleep
153,meditations
153,bright
153,white
153,background
153,bad
153,idea
153,recent
153,upgrade
153,hard
153,guided
153,meditations
153,changing
153,social
153,media
153,dominant
153,app
153,offer
153,user
153,friendly
154,app
154,hiccups
154,beginning
154,improvements
154,modern
154,fab
154,popular
154,daily
154,insight
154,matter
154,pay
154,service
154,free
154,version
154,join
154,conversation
154,mental
154,health
154,main
154,topic
154,everyday
154,pretty
154,incredible
154,time
155,insight
155,timer
155,premier
155,app
155,market
155,functionality
155,aesthetics
155,ability
155,create
155,presets
155,create
155,interim
155,bells
155,encouragement
155,focusing
155,tool
155,sits
155,favorite
155,functions
155,quality
155,tones
155,crisp
155,resonant
155,lots
155,choices
155,digital
155,countdown
155,recommend
155,instructors
155,leading
155,dyads
155,silent
155,guided
155,meditations
155,personal
155,yoga
155,practice
155,interim
155,bell
155,tells
155,switch
155,movement
155,stillness
155,track
155,stats
155,believing
155,measured
155,improved
155,communication
155,developer
155,frequent
155,heart
155,happy
155,healthy
155,peace
156,insight
156,timer
156,flawlessly
156,helping
156,world
157,content
157,son
158,past
158,meditation
158,timer
158,meditated
158,timer
158,accessibility
158,supports
158,guided
158,connection
158,community
158,missed
158,day
158,helped
158,entrain
158,life
158,changing
158,habit
158,meditation
158,guided
158,meditations
158,sleep
158,extra
158,bonus
159,app
159,app
159,downloaded
159,meditation
159,yoga
159,sleep
159,night
159,functions
159,constantly
159,updated
160,greatly
160,enjoyed
160,meditation
160,app
160,recommended
160,friends
160,clients
160,tons
160,free
160,meditations
160,choose
160,including
160,helps
160,fall
160,asleep
160,fail
161,reload
161,joshua
161,stoddard's
161,sacral
161,chakra
161,clearing
161,meditation
161,hangs
161,ipad
162,app
162,user
162,friendly
162,easy
162,access
162,bookmarked
162,meditations
162,milestones
162,quality
162,sound
162,recordings
162,meditations
162,forced
162,mill
162,premium
162,membership
162,courses
162,minutia
162,meditations
162,impossible
162,navigate
162,efficiently
162,timer
162,pity
163,diversity
163,volume
163,guided
163,meditations
163,ideal
163,meditating
163,forward
163,courses
164,add
164,information
164,centering
164,prayer
164,teachings
164,thomas
164,keating
164,basil
164,pennington
164,additions
164,enrich
164,wonderful
164,app
165,recommend
165,app
165,helped
165,sooo
166,app
166,centers
166,morning
167,insight
167,mediation
167,timer
167,customization
167,thousands
167,guided
167,meditation
167,tracks
167,mediation
167,practice
167,community
167,love
167,app
168,amazing
168,app
168,access
168,thousands
168,types
168,meditations
168,level
168,experience
168,daily
168,world
168,happier
168,peaceful
169,love
169,app
169,giving
169,stars
169,bookmark
169,tab
169,hate
169,frustrating
169,meditations
169,loved
169,found
169,frustrate
169,users
169,ready
169,app
169,easier
169,navigate
169,stays
169,consistent
170,insight
170,timer
170,linking
170,medium
170,article
170,wrote
170,greatness
170,interface
170,adds
170,loses
170,lot
170,bookmarks
170,lost
170,meditation
170,countless
170,times
170,send
170,message
170,contact
170,menu
170,selection
170,settings
170,verify
170,verify
170,verify
170,patiently
170,click
170,crosswalks
170,traffic
170,lights
170,fire
170,hydrants
170,start
170,slow
170,motion
170,images
170,slowly
170,fade
170,reappear
170,bill
170,boards
170,insight
170,timer
170,sf
170,bay
170,offensive
170,stupid
170,sexual
170,innuendo
170,damned
170,reason
170,bye
170,app
170,fixed
170,pointlessly
170,offensive
170,bill
170,board
171,app
171,follow
171,teachers
171,access
171,ton
171,free
171,meditation
171,material
171,time
171,pay
171,learn
171,deeper
171,major
171,transition
171,life
171,easy
171,app
171,helped
171,fall
171,love
171,meditation
171,learn
171,priority
171,life
171,sitting
171,silence
171,guided
171,meditations
171,gentle
171,music
171,meditations
171,changed
171,world
171,meditation
171,app
172,lot
172,meditation
172,apps
172,limited
172,functionality
172,free
172,users
172,calm
172,functionality
172,subscribed
172,insight
172,tuner
172,continues
172,core
172,functionality
172,free
172,users
172,helps
172,beginners
172,establish
172,regular
172,meditation
172,practice
173,music
173,morning
173,yoga
173,enjoy
173,choosing
173,day
173,faves
173,love
173,easy
173,mood
173,meditation
173,podcast
173,talk
173,love
173,democratic
173,allowing
173,teachers
173,join
173,post
173,love
173,free
173,recommended
173,friends
173,family
173,favorites
174,shame
174,charge
174,feature
174,listened
174,meditation
174,worse
174,feel
174,feel
174,time
174,wasted
174,determine
174,audio
174,recording
174,bad
174,author
174,maje
174,greed
174,helping
175,app
175,evolved
175,brilliantly
175,day
175,simple
175,depth
175,community
175,strong
175,beautiful
175,essential
176,everyday
177,starting
177,day
177,timer
177,guided
177,meditation
177,love
177,choice
177,keeping
177,track
177,suggest
177,friends
178,insight
178,timer
178,app
178,day
178,meditation
178,meditation
178,match
178,discovered
178,instructors
178,considered
178,free
178,chose
178,subscribe
178,support
178,app
178,creators
178,travel
178,deal
178,download
178,meditations
178,choose
178,meditate
178,listen
178,music
178,app
178,flying
178,worry
178,constant
178,nagging
178,money
178,choose
178,donate
178,heart
179,favorite
179,meditation
179,apps
179,impact
179,life
179,grateful
179,insight
179,timer
180,favorite
180,app
180,world
180,app
181,wonderful
181,experience
181,worldwide
181,sangha
181,feel
181,spiritual
181,practice
181,gratitude
181,loving
181,kindness
181,inventors
181,app
181,participants
182,search
182,meditations
182,electronic
182,music
182,prefer
182,music
182,acoustic
182,music
182,electronic
182,music
182,headache
182,frustrating
183,app
183,courses
183,nice
183,unenroll
183,supported
184,contacted
184,developers
184,numerous
184,times
184,upgrade
184,consecutive
184,days
184,correct
184,app
184,jumps
184,actual
184,consecutive
184,days
184,incorrect
184,weeks
184,reason
184,privacy
184,capcha
184,exercise
184,audio
184,version
184,question
184,additional
184,step
184,makes
184,difficult
184,report
184,issues
184,makes
184,hear
184,upgrade
184,review
184,fixing
184,app
184,defense
184,response
184,whilst
184,inadequate
184,recurring
185,sitting
185,fresh
185,bread
185,insight
185,timer
185,jam
186,moving
186,chakra
186,positive
186,affirmations
186,start
186,day
186,love
187,love
187,app
187,time
187,content
187,free
188,meditation
188,app
188,highly
188,recommend
188,parade
188,beat
188,life
188,change
189,thousands
189,free
189,mediations
189,grateful
189,opportunity
189,meditations
189,disposal
189,changed
189,life
190,love
190,love
190,love
190,helped
191,update
191,disappointing
191,easily
191,view
191,friends
191,activity
191,activity
191,addition
191,consecutive
191,days
191,counter
191,correctly
191,favorite
191,meditation
191,app
191,update
192,app
192,changed
192,life
192,level
192,meditation
192,accessible
192,easy
193,app
193,helps
193,start
193,day
193,beautiful
193,insight
193,timer
193,thousands
193,users
193,grateful
193,appreciative
193,app
194,app
194,increasingly
194,unwieldy
194,difficult
194,navigate
194,overcrowded
194,wonderful
194,teachers
195,half
195,ago
195,app
195,rave
195,reviews
195,recent
195,june
195,update
195,pleased
195,update
195,stats
195,backtracked
195,lose
195,days
195,conflicting
195,stats
195,profile
195,pages
195,contacted
195,support
195,line
195,week
195,ago
195,response
195,2nd
195,time
195,spent
195,time
195,outlining
195,issue
195,feature
195,response
195,1st
195,time
195,mos
195,ago
195,courses
195,question
195,courses
195,missing
195,piece
195,info
195,stats
195,build
195,motivational
195,feature
195,useless
195,unreliable
195,fixable
195,crazy
195,format
195,added
195,features
195,profile
195,pgs
195,confusing
195,conflict
195,lost
195,lot
195,meds
195,played
195,access
195,played
195,stores
195,finally
195,miss
195,simplicity
195,directness
195,format
196,jewel
196,words
196,easej
197,omg
197,ten
197,apps
197,sleep
197,meditation
197,calming
197,nerves
197,sight
197,timer
197,apps
197,pay
197,meditation
197,sets
197,app
197,makes
197,easier
198,absolutely
198,wonderful
199,wow
199,meditation
199,courses
199,practices
200,fantastic
200,moola
200,mantra
200,loved
201,absolutely
201,app
201,meditations
201,based
201,huge
201,variety
201,approaches
201,talks
201,podcasts
201,music
201,calming
201,natural
201,sounds
201,challenge
201,connect
202,month
202,visiting
202,site
202,visit
202,space
202,wonderful
202,welcoming
202,feel
202,practice
202,breathing
202,meditation
202,anytime
202,day
202,tech
202,issue
202,resolved
202,contribute
202,site
202,namaste
202,monica
202,hampshire
203,sleeping
204,wellbeing
205,app
206,honestly
206,charge
206,app
206,impressed
206,teachers
206,curate
206,experiences
206,app
206,helped
206,dark
206,app
208,love
208,insighttimer
208,types
208,meditation
208,timer
208,handy
208,flexible
208,everyday
208,practice
208,listen
208,guided
208,meditations
208,traditions
208,expanding
208,perspective
209,love
209,insight
209,timer
209,changed
209,life
209,deeply
209,amazing
209,free
209,meditations
209,huge
209,variety
209,teachers
209,quick
209,medium
209,kinds
209,meditation
209,paid
209,daily
209,meditations
209,courses
209,helpful
210,book
210,marks
210,finding
210,impossible
210,recommend
211,insight
211,timer
211,amazing
211,meditations
211,preganancy
211,insomnia
211,moments
211,anxiety
211,depression
211,love
211,follow
211,specific
211,teachers
211,guides
211,insightful
211,courses
211,choose
211,insight
211,timer
211,helped
211,increase
211,quality
211,life
212,convenient
212,meditation
212,app
212,love
212,helped
212,challenging
212,times
213,online
213,advice
213,hear
213,hundreds
213,meditate
213,confusing
213,wrong
213,fantastic
213,app
213,makes
213,easy
213,chance
213,change
213,life
213,brent
213,acclaimed
213,mentalist
213,motivational
213,speaker
213,www.brentwebb.info
214,amazing
214,restful
214,energizing
214,courses
214,eyes
214,beauty
214,goodness
214,life
214,cope
214,life
215,insight
215,time
215,absolutely
215,love
215,content
215,beautiful
215,souls
215,bravo
216,enjoyed
216,app
216,meditate
216,day
216,morning
216,night
216,plethora
216,choices
217,update
217,insight
217,timer
217,spiritual
217,life
217,update
217,makes
217,easier
217,navigate
218,time
218,write
218,review
218,app
218,absolutely
218,deserves
218,started
218,insight
218,timer
218,life
218,changed
218,app
219,told
219,people
219,app
219,meditation
219,app
220,creators
220,insight
220,timer
220,care
220,health
220,universe
220,guided
220,meditation
220,free
220,love
220,free
220,app
220,"1,000s"
220,guided
220,meditations
220,free
220,realize
220,creators
220,profit
220,love
220,chose
220,ad
220,free
220,pay
220,downloads
220,pay
220,courses
220,donate
220,meditation
220,app
220,compare
220,quality
220,content
220,offered
220,insight
220,timer
220,meditation
220,pro
220,meditating
220,app
220,insight
220,timer
220,thankful
220,found
220,app
220,namaste
220,tam
221,free
221,meditations
221,recommend
222,insight
222,timer
222,meets
222,variety
222,raising
222,vibration
222,morning
222,calming
222,soul
222,night
222,comforting
222,difficult
222,times
222,meditation
222,teacher
222,insight
222,timer
222,grateful
223,portable
223,meditation
223,studio
223,library
223,filled
223,wide
223,variety
223,mind
223,journeys
223,themes
223,music
223,meditation
223,styles
223,neuroscience
223,yoga
223,educational
223,courses
223,talks
223,timer
223,customize
223,featured
223,meditations
223,change
223,daily
223,library
223,periodically
223,refreshes
223,content
223,app
224,meditations
224,choose
224,start
224,start
224,day
225,guys
225,creating
225,platform
225,priceless
226,meditation
226,app
226,playing
226,catch
226,app
226,super
226,helpful
226,exploring
226,expanding
226,mediation
226,practice
227,meditation
227,apps
227,insight
227,timer
227,incredible
227,choice
227,variation
227,quality
227,compare
227,added
227,peace
227,calm
227,namaste
228,app
228,makes
228,anxiety
228,worse
228,guys
228,tab
228,freaking
228,pick
228,bowl
228,set
228,timer
228,meditate
228,app
228,ui
228,trash
228,impossible
229,beautiful
229,reminder
229,peace
229,inside
229,namaste
230,app
230,tool
230,helping
230,daily
230,meditation
230,practice
230,courses
230,bought
230,enjoyed
230,recent
230,update
230,white
230,font
230,gray
230,backgrounds
230,descriptions
230,simply
230,read
230,offerings
230,read
230,simply
230,bookmarked
230,understand
230,developers
230,sustainable
230,revenue
230,stream
230,miss
230,opportunity
230,purchase
230,time
230,fantastic
230,app
230,past
230,tweaks
231,fave
231,meditation
231,biggest
231,goal
231,set
231,helped
231,refocus
231,mind
231,days
231,meditation
231,helped
231,bring
231,originally
231,set
231,goal
231,affects
231,lives
231,changing
231,lives
232,app
232,favorites
232,support
232,meditation
232,practice
232,daily
232,highly
232,recommend
233,magnificent
234,adjust
234,format
234,navigating
234,unwieldy
234,sleep
234,relaxation
234,meditations
234,saved
234,experiencing
234,major
234,sleep
234,challenges
234,afford
234,buy
234,programs
234,finding
234,free
234,difficult
234,prefer
234,app
234,frustrating
234,bed
234,time
234,struggle
234,likes
234,active
234,world
234,map
234,awesome
234,inspiring
234,connecting
234,choosing
234,length
234,meditations
235,format
235,changing
235,love
235,app
235,stop
235,changing
236,app
236,endless
236,music
236,meditation
236,wisdom
236,start
236,day
236,wonderful
236,product
237,revert
237,version
238,enabled
238,form
238,habit
238,calming
238,mind
239,meditation
239,apps
240,awesome
240,app
240,downloaded
240,design
240,super
241,love
241,meditation
241,app
241,daughter
241,lots
241,solid
241,content
241,free
241,highly
241,recommend
242,guided
242,meditations
242,insight
242,timer
242,love
242,choose
242,amount
242,time
242,spend
242,meditating
242,select
242,category
242,meditation
242,meditations
242,provide
242,tools
242,sleep
242,lessen
242,stress
242,anxiety
242,feature
242,selecting
242,meditation
242,teacher
242,lot
242,mood
242,person
242,feature
242,eliminated
242,grateful
242,access
242,quality
242,meditations
242,free
242,wonderful
242,app
243,app
243,changing
243,happened
243,histograms
243,weekly
243,monthly
243,total
243,times
244,insight
244,timer
244,supported
244,achieving
244,daily
244,meditation
244,grateful
245,loving
245,app
245,matter
245,mood
245,stress
245,level
245,meditation
245,music
245,sleep
245,feel
245,calm
245,manage
245,stress
245,app
246,tigers
246,strawberries
246,meditation
246,retreat
246,gracias
247,app
247,helped
247,build
247,meditation
247,daily
247,habit
247,experience
247,meditation
247,downloaded
247,free
247,impressed
247,quality
247,meditations
247,paying
247,customer
247,support
247,app
247,download
247,meditations
247,travel
247,helpful
248,helped
248,meditation
248,guided
248,meditation
248,hope
248,guided
249,love
249,variety
249,meditations
249,practice
249,daily
249,morning
249,ritual
249,recommend
249,app
249,patients
249,godsent
250,app
250,exceptional
250,interface
250,beautiful
250,unlike
250,experience
250,apps
250,update
250,ruin
250,time
250,deeply
250,grateful
250,developers
251,beginner
251,intimidated
251,lots
251,catered
251,helping
251,started
252,choose
252,guided
252,meditations
252,cultivate
252,sense
253,setup
253,easy
253,navigate
253,previous
253,matter
254,ago
254,regularly
254,easier
254,tutorial
254,tutorial
254,easy
255,bell
255,chimes
255,randomly
255,set
255,started
255,stop
256,love
256,content
256,buried
256,bookmarks
256,takes
256,clicks
256,poor
256,design
256,bring
256,bookmarks
256,main
256,screen
257,awesome
257,life
257,changing
257,stars
258,begin
258,explain
258,app
258,continues
258,change
258,life
258,started
258,meditated
258,life
258,guided
258,meditations
258,easy
258,begin
258,journey
258,mind
258,busy
258,focus
258,quiet
258,continued
258,meditate
258,meditate
258,environment
258,guided
258,music
258,music
258,grateful
258,exists
258,anxiety
258,levels
258,tend
258,creep
258,shortest
258,simple
258,guided
258,guided
258,meditation
258,fix
258,feel
258,app
258,practice
258,meditation
258,lives
259,sense
259,sort
259,head
259,finish
259,meditating
259,post
259,journal
259,entry
259,meditating
259,bio
259,stats
259,sense
259,grumble
259,grumble
259,happy
260,favorite
260,app
260,providing
260,platform
260,generously
261,literally
262,day
262,multiple
262,times
262,day
262,helped
262,beliefs
262,rate
262,stars
262,recommend
262,paid
262,version
262,listen
262,offline
263,insightful
263,uplifting
263,meditations
263,visualizations
263,world
263,music
263,selections
263,inspiring
263,interface
263,fabulous
263,insight
263,timer
263,team
263,rocks
264,grateful
264,found
264,insight
264,timer
264,creators
264,vision
264,inspiring
264,commendable
264,app
264,simple
264,amazing
264,teachers
264,tools
264,equanimity
264,join
264,support
264,worthy
264,thoughtful
265,meditated
265,insight
265,timer
265,forward
265,daily
265,morning
265,meditations
265,receive
265,love
265,guidance
265,enlightenment
265,dreamed
265,worth
265,reminded
265,worth
265,aware
265,enjoy
265,gratitude
265,realizing
265,app
265,light
265,love
265,abundance
265,life
265,simply
265,heal
265,wounds
265,inflicted
265,living
265,rejuvenate
265,insight
265,timer
265,giving
265,life
266,ordinarily
266,insight
266,timer
266,stars
266,day
266,possessed
266,designers
266,teacher
266,meditation
266,image
266,white
266,type
266,fairly
266,pale
266,gray
266,background
266,shockingly
266,bad
266,design
266,cursory
266,understanding
266,human
266,eyeball
266,disappointing
267,grateful
267,app
267,impact
267,life
268,compassionate
268,contributors
268,offer
268,wealth
268,positive
268,guidance
268,form
268,music
268,meditation
268,talks
268,choosing
268,path
268,peace
268,step
268,time
269,meditate
269,matter
269,beginner
269,seasoned
269,meditator
269,absolutely
269,app
269,app
269,daily
269,enjoy
269,reason
269,app
269,stars
269,due
269,recent
269,update
269,feel
269,user
269,friendly
270,time
270,daily
270,love
270,variety
270,options
270,talks
270,guided
270,meditations
270,music
270,issue
270,release
270,yesterday
270,white
270,text
270,grey
270,background
270,hard
270,read
271,love
271,app
271,heavy
271,user
271,improvements
271,user
271,interface
271,including
271,recent
271,major
271,overhaul
271,variety
271,modalities
271,bookmarks
271,list
271,list
271,tiles
271,makes
271,cumbersome
271,scroll
271,enjoy
271,feature
271,meditating
271,couple
271,updates
271,ago
271,changed
271,click
271,local
271,meditators
271,pans
271,region
271,local
271,neighborhood
271,sort
271,defeats
271,purpose
272,tools
272,teachers
272,guided
272,meditations
272,types
272,free
272,love
272,app
273,changed
273,daily
273,meditations
273,loved
273,feature
273,bring
274,app
274,amazing
274,saved
274,life
274,husband
274,died
274,ago
274,listen
274,daily
274,incredible
274,app
274,love
275,love
275,app
275,click
275,guided
275,20m
275,filters
275,meditations
275,female
275,background
275,music
275,list
275,includes
275,meditations
275,background
275,music
275,checked
275,details
275,meditations
275,music
275,correctly
275,labled
275,poster
275,music
275,real
275,severe
275,sensory
275,limits
276,chose
276,premium
276,courses
276,free
276,version
276,unbelievable
276,developers
276,provide
276,impact
276,positivity
276,world
276,free
276,speaks
276,volumes
276,robust
276,library
276,children
276,life
276,stages
276,opportunity
276,current
276,culture
276,slow
276,heal
276,promote
276,love
276,real
277,app
277,easy
277,pretty
277,organized
277,user
277,forums
277,guided
277,meditation
277,easy
277,guided
277,meditations
277,courses
277,guided
277,meditations
277,offer
277,diversity
277,focus
277,timer
278,stars
278,update
278,poor
278,choice
278,category
278,meditations
278,fall
278,asleep
278,kinda
278,sucked
279,awesome
279,app
279,practical
280,personally
280,resented
280,disliked
280,concept
280,creation
280,attached
280,creates
280,possibility
280,cancer
280,illnesses
280,body
280,time
280,totally
280,time
280,insight
280,timer
280,feel
280,carrying
280,transformation
280,love
280,appt
281,absolutely
281,amazing
281,collection
281,meditations
282,app
282,everrrrrr
282,completely
282,addicted
282,completely
282,love
282,offer
282,everyday
282,zen
283,write
283,reviews
283,person
283,struggles
283,meditations
283,youtube
283,morning
283,night
283,app
283,amazing
283,enjoy
283,feeling
283,pay
283,premium
283,unlike
283,meditation
283,apps
283,liking
283,pay
283,premium
283,greatness
283,app
283,offer
283,filters
283,video
283,specific
283,glad
283,found
283,recommend
283,people
283,complaining
283,updated
283,read
283,version
283,pay
283,mind
283,idea
283,talking
283,read
283,fine
283,app
283,fantastic
284,easy
284,totally
284,disappointed
285,love
285,app
285,fantastic
285,class
285,teach
285,reiki
285,sessions
285,recommend
285,clients
285,students
286,app
286,expected
287,app
287,recently
287,app
287,completely
287,relearned
287,update
287,saved
287,chosen
287,meditations
287,white
287,writing
287,light
287,gray
287,background
287,difficult
287,read
287,thumbs
287,read
287,ability
287,left
287,stressed
287,morning
287,meditate
288,enjoy
288,site
289,app
289,changed
289,view
289,world
289,format
289,encourage
289,track
289,daily
289,progress
289,social
289,media
289,space
289,meditators
289,create
289,amazing
289,tool
289,amazing
289,daily
289,upgrade
290,interface
290,rearranging
290,update
290,inclined
290,app
290,meditating
291,fix
291,broken
291,argh
292,excellent
292,content
292,grateful
292,offered
292,free
292,update
292,extremely
292,difficult
292,read
292,titles
292,teacher
292,names
292,descriptions
292,larger
292,readable
292,font
292,user
292,accessibility
292,diminished
292,app
292,stars
293,therapist
293,recommended
293,app
293,mentioned
293,trouble
293,sleeping
293,app
293,encouraged
293,meditate
293,night
293,routine
293,app
293,brought
293,quality
293,restorative
293,sleep
293,meditations
293,talks
293,free
293,grateful
294,awesome
294,talk
294,spiritual
294,realities
295,app
295,variety
295,meditations
295,guided
295,silent
295,coming
295,teachers
295,world
295,map
295,people
295,meditating
295,simple
295,connect
295,app
295,easy
295,navigate
295,meditation
295,meditated
295,opportunity
295,meditating
295,nice
296,enjoying
296,insight
296,timer
296,encourages
296,meditate
296,daily
296,love
296,talks
296,music
296,love
296,enjoy
296,app
296,encouragement
296,practice
296,love
296,enjoyed
296,music
296,sit
296,music
297,insight
297,timer
297,daily
297,morning
297,ritual
297,helped
297,immensely
297,meditation
297,practice
297,easier
297,breadth
297,offer
298,support
298,meditation
298,offering
298,practice
298,timer
298,bowls
298,beginning
298,nice
298,abundance
298,guided
298,meditations
298,variety
298,teachers
298,tap
298,time
298,time
299,amazing
299,journeys
299,exploration
299,light
300,guided
300,meditations
300,break
300,short
300,nap
300,sleep
300,night
301,apps
301,listening
301,sounds
301,pretty
301,relaxing
302,period
303,support
303,dynamic
303,type
303,text
303,thinner
303,recently
303,white
303,gray
303,search
303,hit
303,miss
303,content
304,app
304,phone
304,period
304,explore
304,menus
304,buddhism
304,guide
304,wind
304,willows
304,bedtime
304,story
304,favorites
304,timer
304,incredibly
304,customizable
304,purchase
304,required
304,fabulous
304,options
304,features
305,wealth
305,meditation
305,courseware
305,content
305,simplicity
305,tibetan
305,bowls
305,time
305,meditation
305,depth
305,guided
305,meditations
305,suit
305,broad
305,range
305,de
305,stress
305,focus
305,esteem
305,sleep
305,excellent
305,app
305,start
305,support
305,regular
305,meditation
305,practice
305,option
305,global
305,meditation
305,community
305,insight
305,timer
306,rounded
306,app
306,aware
307,update
307,wonderful
307,world
307,gift
307,time
307,loving
307,kindness
307,change
307,world
307,app
307,changed
307,life
307,highly
307,recommend
308,beautiful
308,start
308,morning
309,woke
309,morning
309,actual
309,timer
309,appearing
309,bells
309,whistles
309,actual
309,timer
310,start
310,day
311,nice
312,lived
312,app
312,decade
312,ownership
312,changed
312,hands
312,time
312,grateful
312,bookmarked
312,mediations
312,free
312,started
312,free
312,pledge
312,donations
312,free
312,favorites
312,mediations
312,music
312,energy
312,healing
312,mediations
312,free
312,mediation
312,series
312,offered
312,membership
312,fee
312,amazing
312,ready
312,additional
312,expense
312,time
312,worth
312,customizable
312,learning
312,training
312,paths
312,app
312,logs
312,tracks
312,time
312,mediated
312,bookmark
312,favorites
312,search
312,easily
313,free
314,changed
314,life
315,starting
315,meditating
315,awhile
315,app
315,teachers
315,meditations
316,incredibly
316,calming
316,inspirational
317,free
317,version
317,insight
317,timer
317,standard
317,mail
317,text
317,calendar
317,apps
317,app
317,consistently
317,recently
317,upgraded
317,paid
317,version
317,thinking
317,support
317,dedicated
317,staff
317,glad
317,enjoying
317,courses
317,paid
317,features
317,executive
317,coach
317,recommending
317,insight
317,timer
317,clients
317,meditated
317,options
317,beginners
317,started
317,short
317,meditations
317,busy
317,clients
317,dip
317,toes
317,water
317,build
317,meditation
317,muscles
317,guided
317,meditations
317,people
317,learn
317,calm
317,minds
317,forward
317,exploring
317,courses
317,fantastic
317,build
317,favorites
317,list
317,easily
317,share
317,clients
317,found
317,lower
317,barriers
317,started
317,overwhelming
317,array
317,choices
317,likelihood
317,client
317,option
317,exists
317,guess
317,exploring
317,insight
317,timer
317,developing
317,favorite
317,app
318,true
319,insight
319,timer
319,wonderful
319,companion
319,teacher
319,sleep
319,helper
319,recommended
319,friends
320,app
320,practice
320,meditation
320,yoga
320,quality
320,app
321,subscriber
321,enhanced
321,personal
321,professional
321,life
321,immensely
322,comprehensive
322,free
322,meditation
322,app
322,literally
322,thousands
322,options
322,choose
322,top
322,quality
322,applications
322,person
322,starting
322,practiced
322,meditator
322,created
322,app
322,free
322,sincerely
322,tara
323,meditation
323,timer
323,ambient
323,sounds
323,manually
323,times
323,plan
323,sleep
324,timer
324,password
324,password
324,reset
324,send
324,reset
324,email
325,courses
325,meditation
325,sessions
325,difference
325,daily
325,life
325,love
325,app
326,app
326,meditation
326,sleep
326,wonderful
327,reviewers
327,tested
327,forms
327,meditation
327,headspace
327,stuck
327,yoga
327,teacher
327,disappointment
327,simply
327,personal
327,meditation
327,practice
327,daily
327,habit
327,skeptical
327,inspired
327,downloaded
327,insight
327,timer
327,minute
327,loving
327,kindness
327,mediation
327,invigorated
327,app
327,days
327,meditated
327,everyday
327,day
327,easily
327,habit
327,suddenly
327,magnitude
327,variety
327,resources
327,app
327,love
327,search
327,doubt
327,listen
327,voices
327,techniques
327,time
327,free
327,premium
327,option
327,unlike
327,apps
327,abundance
327,free
327,perks
327,makes
327,easy
327,simple
327,concern
327,upgrade
327,trick
327,bit
327,insight
327,timer
327,app
327,free
327,accessible
327,folks
327,smart
327,phones
327,love
327,app
327,time
327,life
327,regularly
327,eagerly
327,forward
327,meditating
327,day
328,wonderful
328,teachings
328,app
328,options
328,music
328,beautiful
328,gift
328,life
329,time
329,meditator
329,tools
329,methods
329,timing
329,meditation
329,support
329,practice
329,initially
329,started
329,insight
329,timer
329,timer
329,love
329,sound
329,bell
329,enjoyed
329,features
329,guided
329,meditations
329,abs
329,courses
329,features
329,sense
329,community
330,love
330,app
331,content
331,remove
331,courses
331,app
331,interface
331,quickly
331,cluttered
331,usability
332,app
332,bell
332,sounds
332,customize
332,easy
332,set
332,presets
332,tracking
332,social
332,features
332,connect
332,users
332,world
332,free
332,app
332,includes
332,access
332,message
332,assorted
332,meditation
332,free
332,access
332,numerous
332,guided
332,meditations
332,optional
332,subscription
332,unlimited
332,guided
332,meditations
332,courses
332,possibly
332,meditation
332,app
333,day
333,simple
333,interface
333,timer
333,options
333,types
333,bells
334,love
334,features
334,save
334,length
334,intermittent
334,bells
334,unguided
334,meditation
335,meditation
335,timer
335,easy
335,offers
335,deal
335,flexibility
335,tones
335,mike
336,love
336,timer
336,customizable
336,meditate
336,silence
336,sound
336,timer
336,gentle
336,startling
336,happy
336,found
336,everyday
337,absolutely
337,start
337,feeling
338,wonderful
338,resource
339,app
339,meditate
339,forward
339,everyday
340,user
340,app
340,team
340,continue
340,concerted
340,effort
340,provide
340,people
340,resources
340,peace
340,project
340,peace
340,world
340,virtual
340,sangha
340,encourages
340,consistent
340,meditation
340,practice
340,love
340,sounds
340,compliment
341,amount
341,privacy
341,app
341,friends
341,meditating
341,prepared
341,friends
341,quiz
341,title
341,chose
341,friends
341,anxiety
342,love
342,app
342,everyday
342,gongs
342,sounds
342,nicer
342,meditating
342,standard
342,sounds
342,phone
343,meditation
343,app
343,hundreds
343,guided
343,meditations
343,fantastic
343,timer
343,stats
343,chart
343,growth
343,patterns
343,time
343,love
344,changed
344,health
344,aborted
344,anxiety
344,tools
344,quiet
344,mind
345,insight
345,timer
345,offered
346,love
346,meditation
346,gentle
346,guidance
346,wonderful
347,love
347,app
347,gather
347,friends
347,learn
347,love
347,variety
347,timers
347,meditation
347,music
347,app
347,awesome
348,love
348,app
348,posts
348,words
348,describe
348,awesome
348,app
348,tremendous
348,insight
348,timer
349,love
349,free
349,mediations
349,chose
349,length
349,topic
349,teacher
349,filters
349,friends
349,feature
349,nice
349,friends
349,meditating
349,highly
349,recommended
350,app
350,day
350,multiple
350,times
350,day
350,prayer
350,meditation
350,discussions
350,friends
350,insight
350,timer
350,gift
351,app
351,phone
351,spiritual
351,swiss
351,army
351,knife
351,balancing
351,depth
351,simplicity
352,app
352,fits
352,perfectly
352,practice
352,sounds
352,authentic
352,helps
352,deeper
352,ring
352,stars
352,reaching
352,milestones
352,sense
353,guided
353,meditations
353,begin
353,practice
353,meditation
353,gently
353,teaching
353,focus
353,attention
353,mindful
353,meditation
353,rated
353,search
353,keywords
353,length
353,time
353,history
353,bookmark
353,favorites
353,wonderful
353,app
354,app
354,supported
354,meditation
354,practice
354,favorite
354,teachers
354,content
354,content
354,added
354,choices
354,options
354,learning
354,modalities
354,feat
354,maintain
354,support
354,global
354,reach
354,wonderful
354,app
354,community
354,meditators
354,choose
354,advantage
354,social
354,features
354,set
354,app
354,simply
354,center
354,practice
354,timer
354,functionality
354,team
354,inclusive
354,user
354,friendly
354,built
354,practice
354,real
354,friends
354,loved
354,ease
354,true
354,happiness
355,love
355,app
355,bell
355,whistle
355,beginner
355,seasoned
355,meditator
355,thankful
355,program
356,love
356,app
356,free
356,guided
356,meditations
356,thankful
356,found
357,app
357,helped
357,toughest
357,times
357,life
357,helps
357,sleep
357,quiet
357,mind
357,hustle
357,bustle
357,world
357,live
357,literally
357,absolutely
357,love
357,told
357,people
357,app
357,friend
357,coming
358,happy
358,introduced
358,app
358,literally
358,changed
358,life
358,feel
358,balance
358,stressed
358,break
358,guided
358,timers
358,courses
358,introduced
358,options
358,slowing
358,life
358,perspective
358,demand
358,life
358,coach
359,thrilled
359,found
359,resource
359,accountable
359,enjoying
359,meditation
359,styles
359,searching
359,check
360,meditation
360,app
360,there.it
360,helped
360,ease
360,daily
360,meditation
360,meditate
360,15mins
360,sunrise
360,sunset
360,love
360,guided
360,meditations
360,main
360,meditation
360,period
360,listen
360,sound
360,om
360,perfect
360,stillness
360,ahhhhhhh
361,love
361,preset
361,options
361,enjoy
361,meditating
361,days
361,meditated
361,real
361,motivator
362,timer
362,tm
362,practice
362,love
362,beautiful
362,sounds
362,disrupt
362,technique
362,community
362,anxiety
362,relaxation
362,meditation
362,socially
362,busy
362,trip
362,miami
362,introvert
362,recharge
362,day
362,timer
362,guided
362,meditations
363,app
363,time
363,introduced
363,watched
363,community
363,grow
363,impressed
363,variety
363,quality
363,offering
363,insight
363,timer
363,supporting
363,meditation
363,practice
364,includes
364,wide
364,variety
364,options
364,kid
364,sleep
364,section.it
364,helps
364,sleep
364,relax
365,matter
365,journey
366,app
366,recommending
366,helpful
366,app
366,people
366,lives
367,amazing
367,totally
367,recommend
367,clients
367,friends
367,loved
368,love
369,helped
369,peace
369,personal
369,chaos
369,recommend
369,clients
369,time
370,imagine
370,meditation
370,insight
370,timer
370,interface
370,easy
370,bells
370,sound
370,meditation
370,bell
370,curate
370,including
370,guided
370,meditations
370,community
370,aspect
371,meditation
371,mindfulness
371,finding
371,difficult
371,guide
371,meditate
371,home
371,variety
371,app
371,meditation
371,options
371,focus
372,asset
372,meditation
372,resounding
372,chimes
372,soothing
372,background
372,music
372,recommend
372,insight
372,timer
372,friends
372,yoga
372,students
372,wonderful
372,meditation
372,tool
373,insight
373,timer
373,build
373,meditation
373,practice
373,skeptical
373,picky
373,adding
373,app
373,meditation
373,practice
373,happy
373,day
373,half
373,tool
373,practices
373,meditation
373,ability
373,set
373,timers
373,seamlessly
373,switch
373,practices
373,days
373,spirit
373,meditation
373,timer
373,choose
373,guided
373,meditation
373,favorite
373,teachers
373,days
373,struggling
373,specific
373,insight
373,meditation
373,app
373,short
373,amazing
373,recommend
373,started
373,build
373,meditation
373,practice
373,honestly
373,recommend
373,joel
375,wonderfully
375,positive
375,soul
375,gratifying
376,enjoying
376,amount
376,meditations
376,highly
376,recommended
377,app
377,fantastic
377,meditations
377,premium
377,free
378,meditation
378,timer
378,worst
378,design
378,force
378,sweet
378,solitude
378,horrible
378,world
378,social
378,media
378,care
378,strangers
378,meditating
378,time
378,sake
378,photos
378,horrible
378,disappointed
378,app
378,massive
378,data
378,mining
378,project
379,started
379,app
379,ago
379,nightly
379,helps
379,manage
379,chronic
379,pain
379,anxiety
379,check
379,sleep
380,options
380,spiritual
380,experience
380,sleep
380,guided
380,mindfulness
380,couple
380,moments
380,peace
380,quiet
380,app
381,beauty
381,fun
381,love
381,creating
381,sharing
382,hyper
382,person
382,therapist
382,told
382,free
382,app
382,changed
382,life
382,benefit
382,guided
382,meditation
382,day
382,angsty
382,book
382,marked
382,sessions
382,bam
382,learning
382,control
382,emotions
382,life
382,meditation
382,app
382,changed
382,outlook
382,life
383,offers
383,timed
383,guided
383,meditations
383,interval
383,excuse
383,minutes
383,meditate
383,app
384,miserable
384,time
384,app
384,accept
384,password
384,constant
384,error
384,message
384,reset
384,password
384,technical
384,insight
384,wonky
385,love
385,meditation
385,night
385,fall
385,asleep
385,love
385,app
385,day
385,night
385,app
386,dark
386,mode
386,migraines
386,sensitivity
386,light
386,map
386,mediators
387,hundreds
387,mindfulness
387,resources
387,choose
387,creating
387,profile
387,select
387,photo
387,pick
387,change
388,variety
388,music
388,spiritual
388,motivational
388,relaxation
388,icons
388,bigger
388,adjusted
388,size
388,difficult
388,items
388,bottom
388,page
388,test
388,middle
388,page
388,essentially
388,blank
388,weird
389,impressed
389,quality
389,quantity
389,content
389,offered
390,variety
390,meditations
390,choose
390,guided
390,guided
390,topics
390,lengths
390,time
390,love
391,insight
391,timer
391,application
391,meditation
391,found
391,choices
391,endless
391,choose
391,meditations
391,providing
391,choices
391,day
391,tracked
391,helpful
391,tool
391,bookmark
391,choose
391,favorite
391,selections
392,downloaded
392,app
392,sleep
392,apnea
392,listen
392,timer
392,zack
392,billy
392,meditations
392,brother
392,sister
392,loves
392,children
392,im
392,kid
392,family
392,love
392,grandma
392,loves
392,improvement
392,wondering
392,rewind
392,fast
392,forward
392,left
392,premium
392,pay
392,alot
392,attention
392,app
392,starts
392,glitching
392,app
392,meditate
392,meditations
392,zack
392,billy
392,stars
393,app
393,changing
393,life
395,searched
395,nice
395,meditation
395,tracks
395,search
396,friend
396,told
396,app
396,heard
396,app
396,calm
396,variety
396,meets
396,mood
396,free
396,ads
396,missed
396,cleverly
396,woven
396,free
396,version
396,calm
396,ads
396,minutes
396,sleep
396,audios
396,beginning
396,settle
396,annoying
396,semi
396,whispering
396,voice
396,interrupting
396,quiet
396,realize
396,pay
396,subscription
396,ads
396,voice
396,insight
396,timer
396,free
396,huge
396,fan
397,finally
397,found
397,meditation
397,app
397,resonates
397,jana
397,roemer
397,favorite
397,eager
397,explore
397,guided
397,meditations
398,excellent
398,spoke
398,slowly
399,meditations
399,involve
399,app
399,specific
399,timed
399,meditations
399,days
399,timer
399,meditated
399,annoying
399,count
399,meditations
399,consecutive
399,days
400,awesome
400,app
400,found
400,sooner
400,helps
400,focus
400,live
400,life
400,calms
400,happiness
400,namaste
401,awesome
401,helps
401,sleep
401,thx
402,headspace
402,guided
402,mindfulness
402,practice
402,beat
402,insight
402,flexibility
402,community
402,combination
402,timer
402,diverse
402,selection
402,guided
402,meditations
402,matter
402,style
402,meditation
402,practice
402,guided
402,meditation
402,section
402,feature
402,hope
402,start
402,music
402,audio
402,file
402,insight's
402,timer
402,time
402,insight
402,exclusively
402,audio
402,output
402,apps
402,app
402,daily
402,plan
402,continue
402,day
402,playlist
402,update
402,hours
402,feature
402,request
402,import
402,health
402,app
402,export
402,meditation
402,syncs
402,apple
402,health
402,add
402,time
402,insight
402,timer
402,master
402,tracker
402,love
402,app
402,purchased
402,paid
402,subscription
403,easy
403,tons
403,content
403,love
403,app
404,hesitation
404,meditation
404,app
404,tons
404,free
404,content
404,languages
404,app
404,tool
404,step
404,meditation
404,world
405,apps
405,almolst
405,free
405,feel
405,gratitude
405,dor
405,developers
406,love
406,peace
406,love
406,app
406,plays
406,blessing
407,loved
407,approach
407,technique
407,feel
407,follow
407,day
408,leaders
408,embrace
408,periods
408,silence
408,music
409,short
409,powerful
409,uplifting
410,stop
410,download
410,app
410,disappointed
411,insight
411,timer
411,invaluable
411,practice
411,lends
411,structure
411,sessions
411,achieve
411,led
411,consistent
411,meditating
411,daily
411,app
411,aid
412,meditation
412,app
412,meditation
412,app
412,insight
412,timer
412,creating
412,wonderful
412,app
412,variety
412,opportunities
412,personal
412,growth
412,spiritual
412,development
413,insight
413,timer
413,offers
413,exceptional
413,selection
413,guided
413,meditations
413,meditation
413,timer
413,customized
413,changed
413,music
413,sounds
413,nature
413,themed
413,meditations
413,specific
413,personal
413,concerns
413,app
413,free
413,modest
413,subscription
413,daily
413,insights
413,worth
414,app
414,facilitated
414,meditation
414,practice
414,meditation
414,daily
414,habit
414,developers
414,teachers
415,app
415,variety
415,guided
415,meditation
415,categories
415,timer
415,silent
415,meditation
415,highly
415,recommend
416,popular
416,meditation
416,apps
416,variety
416,meditations
416,amazing
416,easy
416,access
416,meditation
417,fantastic
417,app
418,insight
418,timer
418,amazing
418,app
418,love
418,free
418,meditations
418,choose
418,guided
418,meditation
418,sounds
418,music
418,gratitude
418,kindness
418,prayer
418,meditations
418,choose
418,meditations
418,vary
418,length
418,fro
418,minute
418,love
418,start
418,day
418,meditation
418,devotional
418,time
419,believes
419,meditation
419,hoax
419,urge
419,app
419,peaceful
419,session
419,evrything
419,suffer
419,anxiety
419,session
419,sleep
419,session
419,stressed
419,session
419,powernap
419,session
419,exercise
419,art
419,meditation
419,helpful
419,everyday
419,survival
419,human
419,conditions
419,ocd
419,depression
419,highanxiety
419,eveeyone
419,app
419,honestly
419,single
419,day
419,regret
420,daily
420,spiritual
420,care
420,insight
420,timer
420,adds
420,immeasurably
420,serenity
421,app
421,amazing
421,meditations
421,wonderful
421,guys
421,providing
422,paid
422,subscriptions
422,free
422,free
422,express
422,gratitude
422,makers
422,app
422,creating
422,allowing
422,free
422,meditation
422,app
423,loved
423,app
423,phone
423,talk
423,apple
423,health
423,app
423,suggested
423,including
423,logging
423,restarting
423,phone
423,apple
423,health
423,insight
423,timer
423,blank
423,page.i
423,send
423,email
423,customer
423,support
423,accept
423,cookies
423,blank
423,page
423,app
423,frustrated
423,connect
423,apple
423,health
423,reach
423,support
423,questions
424,listening
424,meditation
424,app
424,landscape
424,mode
424,app
424,portrait
424,flipping
424,device
424,app
424,revert
424,landscape
424,flipping
424,device
424,stuck
424,app
424,sideways
424,device
424,orientation
424,fix
424,exit
424,reenter
424,app
424,pressing
424,toggling
424,menus
424,fix
424,edit
424,devs
424,screen
424,rotation
424,locked
424,occurs
424,lock
425,easy
425,filled
425,meditate
425,learn
426,nice
426,app
426,increasingly
426,commercialized
426,advertising
426,venue
426,sell
426,services
426,block
426,users
426,sending
426,messages
426,money
426,alternative
426,messaging
426,lose
426,nice
426,communal
426,sense
426,app
426,stop
427,started
427,day
427,meditation
427,god
427,found
427,addiction
428,love
428,app
428,kids
428,night
429,makes
429,easy
429,meditate
429,intimidating
430,love
430,app
430,content
430,avenue
430,calming
430,mind
430,body
431,meditation
431,app
431,fellow
431,meditator
431,meditation
431,app
431,time
431,ability
431,set
431,intermediate
431,gongs
431,bells
431,marking
431,meditation
431,nice
431,feature
432,meditate
432,app
433,awesome
434,app
434,level
434,meditation
434,helped
434,balance
434,life
435,love
436,meditating
436,daily
436,routine
436,insight
436,timer
436,helped
436,build
436,life
436,changing
436,habit
436,namaste
437,love
437,love
437,love
437,app
437,helps
437,sleep
437,sooooo
437,night
438,outstanding
438,app
438,changed
438,life
439,insight
439,timer
439,friends
440,insight
440,timer
440,favorite
440,apps
440,app
440,everyday
440,evolve
440,continue
440,grow
440,adding
440,daily
440,meditations
440,wide
440,array
440,music
440,talks
440,courses
440,simple
440,timer
440,filled
440,overwhelming
440,sadly
440,options
440,filled
440,social
441,insight
441,timer
441,helped
441,establish
441,daily
441,practice
441,features
441,spiritual
441,path
441,functionality
441,ups
441,life
441,recommend
441,highly
442,meditation
442,app
442,recommend
442,time
443,insight
443,timer
443,largest
443,guided
443,meditations
443,free
443,true
443,difficult
443,cognitive
443,dissonance
443,explore
443,lose
443,ps
443,odd
443,apple
443,chose
443,feature
443,apps
443,insight
443,timer
443,lot
443,meditation
443,apps
443,appears
443,clips
444,app
444,day
444,refer
444,paid
444,guided
444,meditations
444,amazing
444,love
444,sound
444,healing
444,binaural
444,beats
444,love
444,filter
444,time
444,length
444,categories
444,app
444,og
444,meditation
444,timer
445,app
445,time
446,app
446,market
446,free
446,guided
446,meditations
446,timer
446,courses
446,daily
447,enjoying
447,meditations
447,guided
447,nature
447,sounds
447,timer
447,helps
447,create
447,sleep
447,ambient
447,sounds
447,trouble
447,falling
447,asleep.love
448,free
448,library
448,content
448,app
448,forces
448,register
448,account
448,functional
448,technical
448,requirement
448,forces
448,users
448,privately
448,meditating
448,app
448,offline
448,constrained
448,connection
448,option
448,download
448,content
448,preemptively
448,play
448,stream
448,expect
448,app
448,fail
449,meditation
449,app
449,downloaded
449,love
449,options
449,chose
450,gratitude
450,happiness
451,love
451,community
451,feature
451,helps
451,stay
451,consistent
451,practice
452,insight
452,timer
452,helps
452,begin
452,day
452,peaceful
452,positive
452,start
452,day
452,relaxing
452,meditation
452,person
452,day
452,restful
452,sleep
452,insight
452,timer
452,love
452,multiple
452,options
453,relaxing
453,calming
454,learning
454,meditate
454,app
454,meditations
454,fit
454,mood
454,life
454,attention
454,awareness
454,meditations
454,vary
454,length
454,minutes
454,sessions
454,helpful
454,enjoyable
454,app
455,life
455,changing
455,dedicated
455,meditator
455,busy
455,excuses
455,insight
455,timer
455,easy
455,excuses
455,meditate
455,choose
455,excited
455,daily
455,routine
455,telling
455,curiosity
455,meditation
455,sleep
455,app
455,sleep
455,portion
455,wow
455,wow
455,wow
455,sleep
455,meditation
455,deep
455,sleep
455,app
455,forever
455,grateful
456,change
456,introduces
456,issues
456,time
456,search
456,people
456,contacts
456,fixed
457,app
457,helping
457,lot
457,recommend
458,enjoying
458,app
458,trouble
458,insomnia
458,app
458,night
458,fall
458,asleep
458,helpful
458,quality
458,audio
458,lot
458,variety
459,feeling
459,renewed
459,confidence
459,curiosity
459,variety
459,experiences
459,offered
460,recommend
460,app
460,people
460,frequently
460,insight
460,timer
460,paying
460,live
460,literally
460,single
460,day
461,insight
461,timer
461,app
461,meditation
461,options
461,fit
461,constantly
461,delighted
461,amazingly
461,supportive
461,meditation
461,profound
461,literally
461,takes
461,breath
461,brilliant
462,words
462,describe
462,grateful
462,app
462,friends
462,family
462,clients
462,people
462,count
463,love
463,waking
463,morning
463,raising
463,frequency
463,meditations
463,songs
463,prayers
463,powerful
463,shifting
463,energy
463,grateful
463,blessed
463,namaste
465,meaningful
465,meditation
465,experienced
465,practice
465,daily
465,kinder
465,person
465,kinder
466,comprehensive
466,tools
466,finding
466,peace
466,mind
466,body
466,spirit
466,meditation
466,learning
466,time
466,invested
466,deliver
466,abundant
466,returns
466,health
466,wellness
467,app
467,literally
467,changed
467,life
467,forward
467,connect
467,meditators
467,world
467,abundance
467,guided
467,meditations
467,incredible
467,love
467,timer
467,app
467,led
467,favorite
467,podcasts
467,teachers
467,invaluable
467,resource
467,journey
467,healing
467,mindfulness
468,stop
468,meditation
468,middle
468,button
468,finish
468,button
468,meditation
468,meant
468,finish
468,meditation
468,finish
468,rest
468,hit
468,meditation
469,meditating
469,silent
469,retreats
469,classes
469,practice
469,level
469,consistency
469,app
469,timer
469,tracking
469,pre
469,recorded
469,meditations
469,wonderful
470,lot
470,apps
470,meditations
470,choose
470,meditations
470,mood
470,personality
470,regret
471,convenient
471,start
471,practicing
471,meditation
471,simple
471,hundreds
471,guided
471,meditations
472,insight
472,timer
472,daily
472,difference
472,world
473,user
473,friendly
473,app
473,practice
473,mindfulness
473,free
473,love
474,remarkable
474,app
474,commit
474,courses
474,sessions
474,feel
474,relaxed
474,reassured
474,sessions
474,realize
474,deeper
474,truths
474,life
474,brought
474,lot
474,darkness
474,light
474,prompted
474,transformative
474,process
474,recommended
474,friends
474,struggle
474,issue
474,afford
474,therapy
474,person
474,app
474,hard
474,lot
474,breathing
474,exercises
474,patience
474,chance
474,feel
474,3x
474,started
475,love
475,insight
475,timer
475,timer
475,daily
475,love
475,knowing
475,people
475,meditating
476,app
476,daily
476,meditation
476,music
476,yoga
476,practice
476,indispensable
477,wonderful
477,meditations
477,chose
477,nice
477,chose
478,lot
478,meditation
478,apps
478,offers
478,robust
478,free
478,offerings
478,subscription
478,bit
478,free
478,content
478,navigation
478,easy
478,timer
478,option
478,background
478,noises
478,addition
478,ton
478,guided
478,meditation
478,options
478,simply
478,life
478,app
479,love
479,app
479,mediation
479,yoga
479,recommend
479,friends
479,family
479,students
479,check
480,library
480,organized
480,heart
480,disciplines
480,practices
480,grow
480,meditation
480,simply
480,short
480,prayer
480,start
480,morning
480,foot
480,bite
480,size
480,classes
480,access
480,paid
480,membership
480,topics
480,intro
480,healing
481,decided
481,monthly
481,subscription
481,it.meditation
481,soothing
481,soul
481,finding
481,peace
481,price
482,app
482,free
483,meditation
483,speed
483,beautiful
483,voice
483,direction
483,improved
483,recording
483,talks
483,static
483,sound
483,accompanies
483,voice
483,distracting
483,perfection
484,soooo
484,content
484,constantly
484,changing
484,interface
484,difficult
484,search
484,function
484,app
484,stress
485,insight
485,timer
485,recommend
485,people
485,meditators
485,wishes
485,start
485,contemplative
485,practice
485,recommended
485,app
485,multiple
485,people
486,meditation
486,guides
486,met
486,amazing
486,people
486,app
487,app
487,time
487,versatility
487,choices
487,ability
487,preset
487,abundance
487,guided
487,meditations
487,authenticity
487,bells
487,ring
487,meditate
487,grateful
487,developed
487,support
487,app
488,meditation
488,time
488,insight
488,timer
489,app
489,worth
490,recommended
490,friends
490,variety
490,meditation
490,types
490,matter
490,style
490,meditation
490,app
490,love
490,classes
